budget,random,plm_greedy,folde_lite,cider_fixed,cider_gpt_oss_20b
16,0.18333333333333332,0.2,0.2,0.2,0.2
24,0.2,0.2,0.25,0.25,0.25
32,0.36666666666666664,0.3,0.45,0.4,0.4
48,0.4666666666666667,0.4,0.65,0.7,0.7
64,0.5166666666666667,0.5,0.75,0.85,0.85
96,0.6333333333333333,0.6,0.8,0.85,0.85
